a,c,e_grid,e_closed_form,abs_gap
0.5,0.5,1.0,1.0,0.0
0.75,0.5,1.5,1.5,0.0
1.0,0.5,2.0,2.0,0.0
1.25,0.5,2.5,2.5,0.0
1.5,0.5,3.0,3.0,0.0
1.75,0.5,3.5,3.5,0.0
2.0,0.5,4.0,4.0,0.0
2.25,0.5,4.5,4.5,0.0
2.5,0.5,5.0,5.0,0.0
2.75,0.5,5.5,5.5,0.0
3.0,0.5,6.0,6.0,0.0
0.5,1.0,0.5,0.5,0.0
0.75,1.0,0.75,0.75,0.0
1.0,1.0,1.0,1.0,0.0
1.25,1.0,1.25,1.25,0.0
1.5,1.0,1.5,1.5,0.0
1.75,1.0,1.75,1.75,0.0
2.0,1.0,2.0,2.0,0.0
2.25,1.0,2.25,2.25,0.0
2.5,1.0,2.5,2.5,0.0
2.75,1.0,2.75,2.75,0.0
3.0,1.0,3.0,3.0,0.0
0.5,2.0,0.25,0.25,0.0
0.75,2.0,0.375,0.375,0.0
1.0,2.0,0.5,0.5,0.0
1.25,2.0,0.625,0.625,0.0
1.5,2.0,0.75,0.75,0.0
1.75,2.0,0.875,0.875,0.0
2.0,2.0,1.0,1.0,0.0
2.25,2.0,1.125,1.125,0.0
2.5,2.0,1.25,1.25,0.0
2.75,2.0,1.375,1.375,0.0
3.0,2.0,1.5,1.5,0.0
